image,name,category
assets/images/animals/wild/gemini_generated_image_1dgvm1dgvm1dgvm1.png,Imagine 1,Animale sălbatice
assets/images/animals/wild/gemini_generated_image_1kxzqa1kxzqa1kxz.png,Imagine 2,Animale sălbatice
assets/images/animals/wild/gemini_generated_image_1kxzqa1kxzqa1kxz1.png,Imagine 3,Animale sălbatice
assets/images/animals/wild/gemini_generated_image_1kxzqa1kxzqa1kxz2.png,Imagine 4,Animale sălbatice
assets/images/animals/wild/gemini_generated_image_236p5d236p5d236p.png,Imagine 5,Animale sălbatice
assets/images/animals/wild/gemini_generated_image_2l_z8v2l_z8v2l_z.png,Imagine 6,Animale sălbatice
assets/images/animals/wild/gemini_generated_image_3287693287693287.png,Imagine 7,Animale sălbatice
assets/images/animals/wild/gemini_generated_image_6m5l3r6m5l3r6m5l.png,Imagine 8,Animale sălbatice
assets/images/animals/wild/gemini_generated_image_7fygql7fygql7fyg.png,Imagine 9,Animale sălbatice
assets/images/animals/wild/gemini_generated_image_818g0n818g0n818g.png,Imagine 10,Animale sălbatice
assets/images/animals/wild/gemini_generated_image_bghdjabghdjabghd.png,Imagine 11,Animale sălbatice
assets/images/animals/wild/gemini_generated_image_bgwdxxbgwdxxbgwd.png,Imagine 12,Animale sălbatice
assets/images/animals/wild/gemini_generated_image_bkcovabkcovabkco.png,Imagine 13,Animale sălbatice
assets/images/animals/wild/gemini_generated_image_b_q9hrb_q9hrb_q9.png,Imagine 14,Animale sălbatice
assets/images/animals/wild/gemini_generated_image_b_q9hrb_q9hrb_q91.png,Imagine 15,Animale sălbatice
assets/images/animals/wild/gemini_generated_image_b_q9hrb_q9hrb_q92.png,Imagine 16,Animale sălbatice
assets/images/animals/wild/gemini_generated_image_gp17dkgp17dkgp17.png,Imagine 17,Animale sălbatice
assets/images/animals/wild/gemini_generated_image_gtpwyagtpwyagtpw.png,Imagine 18,Animale sălbatice
assets/images/animals/wild/gemini_generated_image_hvvjcvhvvjcvhvvj.png,Imagine 19,Animale sălbatice
assets/images/animals/wild/gemini_generated_image_idl21pidl21pidl2.png,Imagine 20,Animale sălbatice
assets/images/animals/wild/gemini_generated_image_johy_tjohy_tjohy.png,Imagine 21,Animale sălbatice
assets/images/animals/wild/gemini_generated_image_jxnqg8jxnqg8jxnq.png,Imagine 22,Animale sălbatice
assets/images/animals/wild/gemini_generated_image_jxuipujxuipujxui.png,Imagine 23,Animale sălbatice
assets/images/animals/wild/gemini_generated_image_khc91kkhc91kkhc9.png,Imagine 24,Animale sălbatice
assets/images/animals/wild/gemini_generated_image_kymnuekymnuekymn.png,Imagine 25,Animale sălbatice
assets/images/animals/wild/gemini_generated_image_lfmxcqlfmxcqlfmx.png,Imagine 26,Animale sălbatice
assets/images/animals/wild/gemini_generated_image_m_2r4jm_2r4jm_2r.png,Imagine 27,Animale sălbatice
assets/images/animals/wild/gemini_generated_image_mwbithmwbithmwbi.png,Imagine 28,Animale sălbatice
assets/images/animals/wild/gemini_generated_image_o975r0o975r0o975.png,Imagine 29,Animale sălbatice
assets/images/animals/wild/gemini_generated_image_p6ehdp6ehdp6ehdp.png,Imagine 30,Animale sălbatice
assets/images/animals/wild/gemini_generated_image_pocpltpocpltpocp.png,Imagine 31,Animale sălbatice
assets/images/animals/wild/gemini_generated_image_qu87gyqu87gyqu87.png,Imagine 32,Animale sălbatice
assets/images/animals/wild/gemini_generated_image__52kov_52kov_52k.png,Imagine 33,Animale sălbatice
assets/images/animals/wild/gemini_generated_image__53w5e_53w5e_53w.png,Imagine 34,Animale sălbatice
assets/images/animals/wild/gemini_generated_image__8gzo5_8gzo5_8gz.png,Imagine 35,Animale sălbatice
assets/images/animals/wild/gemini_generated_image_uc9roluc9roluc9r.png,Imagine 36,Animale sălbatice
assets/images/animals/wild/gemini_generated_image_v_z9i8v_z9i8v_z9.png,Imagine 37,Animale sălbatice
assets/images/animals/wild/gemini_generated_image_wkydwbwkydwbwkyd.png,Imagine 38,Animale sălbatice
assets/images/animals/wild/gemini_generated_image_y64048y64048y640.png,Imagine 39,Animale sălbatice
assets/images/animals/wild/gemini_generated_image_y9mqwwy9mqwwy9mq.png,Imagine 40,Animale sălbatice
assets/images/animals/wild/gemini_generated_image_yyc8w4yyc8w4yyc8.png,Imagine 41,Animale sălbatice
assets/images/animals/wild/gemini_generated_image_yyc8w4yyc8w4yyc81.png,Imagine 42,Animale sălbatice
assets/images/animals/wild/gemini_generated_image_yyc8w4yyc8w4yyc82.png,Imagine 43,Animale sălbatice
assets/images/animals/wild/gemini_generated_image_z55wykz55wykz55w.png,Imagine 44,Animale sălbatice
assets/images/animals/wild/gemini_generated_image_z8ht4mz8ht4mz8ht.png,Imagine 45,Animale sălbatice
assets/images/animals/wild/gemini_generated_image_zgpud9zgpud9zgpu.png,Imagine 46,Animale sălbatice
assets/images/animals/wild/gemini_generated_image_zgpud9zgpud9zgpu1.png,Imagine 47,Animale sălbatice
